name,avg,StdDev_Hs,N_Hs
Hs_CEU,0.179671993437574,0.157741402908376,8556
Hs_NE,0.107223823462918,0.139793992444573,14964
Hs_NEU,0.203850913363342,0.154673938473602,7738
Hs_PNW,0.14745801037999,0.157355931813655,10680
Hs_SEU,0.277338948339737,0.142298902648961,4777
Hs_WEU,0.19772913168406,0.155039999800142,8124
