name,avg,StdDev_Hs,N_Hs
Hs_CEU,0.1728429670363,0.157927341795157,7930
Hs_NE,0.104288043064085,0.1389710328715,13715
Hs_NEU,0.19575395785797,0.155111389795555,7158
Hs_PNW,0.14719814790817,0.157281260566605,9713
Hs_SEU,0.238318371635639,0.153225866509921,4949
Hs_WEU,0.189689263833073,0.155332378778493,7540
